param_n_estimators,param_max_depth,param_min_samples_split,param_min_samples_leaf,param_max_features,param_bootstrap,mean_test_score,std_test_score,rank_test_score
500,30,2,2,log2,True,0.810942791229906,0.04452516937641911,1
500,20,2,2,log2,True,0.810942791229906,0.04452516937641913,1
500,,2,2,log2,True,0.810942791229906,0.04452516937641911,1
800,20,2,2,log2,True,0.8090551527056219,0.04454867276510781,4
800,30,2,2,log2,True,0.8089849772670252,0.044565365765513766,5
800,,2,2,log2,True,0.8089849772670252,0.044565365765513766,5
300,20,10,1,0.5,True,0.8088979616813223,0.04377185483170858,7
300,30,10,1,0.5,True,0.8088979616813223,0.04377185483170858,7
300,,10,1,0.5,True,0.8088979616813223,0.04377185483170858,7
800,30,2,2,sqrt,True,0.8088869837656576,0.04486353572190039,10
800,,2,2,sqrt,True,0.8088869837656576,0.04486353572190039,10
800,20,2,2,sqrt,True,0.8088869837656576,0.04486353572190039,10
500,10,5,1,sqrt,True,0.8086638395780172,0.04254521024393982,13
300,20,2,2,log2,True,0.8086569737912972,0.04298878789570836,14
300,,2,2,log2,True,0.808622461280512,0.043021964173266154,15
300,30,2,2,log2,True,0.808622461280512,0.043021964173266154,15
800,10,2,2,sqrt,True,0.8083930999455387,0.04423055441949457,17
500,10,2,2,log2,True,0.8083846798719854,0.041740820969617606,18
800,10,2,2,log2,True,0.8082856338614237,0.04297247265009279,19
300,10,10,1,0.5,True,0.8080946034426841,0.042733954422871166,20
800,20,10,1,log2,True,0.8080411090509673,0.04453846461703368,21
800,10,5,2,log2,True,0.8080390040325789,0.04548109394819566,22
500,10,2,2,sqrt,True,0.8080252235052228,0.04139775028223001,23
500,20,5,1,log2,True,0.8080073186104431,0.04527530683578607,24
500,,5,1,log2,True,0.8079725980455148,0.04528531759881629,25
500,30,5,1,log2,True,0.8079725980455148,0.04528531759881629,25
800,10,5,2,sqrt,True,0.8079186630685538,0.043031577989137426,27
800,20,5,2,log2,False,0.8079175860824017,0.04178236202578937,28
800,,10,1,log2,True,0.8079007581737742,0.044354780722768945,29
800,30,10,1,log2,True,0.8079007581737742,0.044354780722768945,29
800,20,2,1,sqrt,True,0.8078995220873949,0.04288179997287463,31
800,30,2,1,sqrt,True,0.8078645383951683,0.04297354375661737,32
800,,2,1,sqrt,True,0.8078645383951683,0.04297354375661737,32
500,,5,1,sqrt,True,0.8077980283810327,0.04390806878654117,34
500,30,5,1,sqrt,True,0.8077980283810327,0.04390806878654117,34
800,30,5,2,log2,False,0.8077086262919245,0.041903766767320876,36
800,,5,2,log2,False,0.8077086262919245,0.041903766767320876,36
800,20,5,2,sqrt,True,0.8076449127702409,0.04365511277902408,38
500,20,5,1,sqrt,True,0.8076225897845415,0.043591803107323045,39
800,,5,2,sqrt,True,0.8076098250509427,0.04359033845680769,40
800,30,5,2,sqrt,True,0.8076098250509427,0.04359033845680769,40
300,10,2,2,log2,True,0.8075829738280127,0.04195276149272821,42
800,,10,2,sqrt,True,0.8075628782454917,0.046716806898286174,43
800,30,10,2,sqrt,True,0.8075628782454917,0.046716806898286174,43
800,20,10,2,sqrt,True,0.8075628782454917,0.046716806898286174,43
500,20,10,1,log2,True,0.8075190155367491,0.04605381037118841,46
500,,10,1,log2,True,0.8074488400981525,0.04592683044526806,47
500,30,10,1,log2,True,0.8074488400981525,0.04592683044526806,47
500,10,2,1,log2,True,0.807431608319718,0.040953805265436335,49
800,,2,1,log2,True,0.8073373291967274,0.043532293622720764,50
800,30,2,1,log2,True,0.8073373291967274,0.043532293622720764,50
800,20,2,1,log2,True,0.8073048299157379,0.043846354699292184,52
200,10,5,1,log2,True,0.8073010849411635,0.0413386837528919,53
800,20,5,1,sqrt,True,0.8071862023387733,0.042345803180151236,54
800,30,5,1,sqrt,True,0.8071849540139151,0.04167778707066262,55
800,,5,1,sqrt,True,0.8071849540139151,0.04167778707066262,55
200,30,2,2,log2,True,0.8071591185847422,0.04441639414552203,57
200,,2,2,log2,True,0.8071591185847422,0.04441639414552203,57
300,20,5,1,0.5,True,0.8070781732846243,0.04296433055712749,59
300,30,5,1,0.5,True,0.8070775980761112,0.04292148995060591,60
300,,5,1,0.5,True,0.8070775980761112,0.04292148995060591,60
300,,2,1,0.5,True,0.8070683763821831,0.041990590296523966,62
300,30,2,1,0.5,True,0.8070683763821831,0.041990590296523966,62
200,20,2,2,log2,True,0.8070555810523867,0.04451551457558652,64
500,10,5,1,log2,True,0.8070330867279815,0.04348789441316272,65
300,20,2,1,0.5,True,0.8070166076160055,0.04203228094007778,66
300,20,2,1,sqrt,True,0.8069993207644153,0.04139981597382029,67
800,10,5,1,log2,True,0.8069949883428489,0.04249753911104184,68
500,20,5,2,log2,False,0.8069527411133345,0.042922515792437575,69
500,30,5,2,log2,False,0.806881941512309,0.04279952832543332,70
500,,5,2,log2,False,0.806881941512309,0.04279952832543332,70
800,10,10,2,sqrt,True,0.8068614910138967,0.04610408402036885,72
300,30,2,1,sqrt,True,0.8068422582441453,0.041528520398181466,73
300,,2,1,sqrt,True,0.8068422582441453,0.041528520398181466,73
800,10,10,1,0.5,True,0.8068274680422716,0.04189795408769829,75
800,20,5,1,log2,True,0.8067863345143464,0.04430119435300209,76
500,10,10,1,0.5,True,0.8067645377832443,0.043392648688776424,77
500,20,5,2,log2,True,0.8067580636278524,0.04525057379611455,78
500,30,5,2,log2,True,0.8067580636278524,0.04525057379611455,78
500,,5,2,log2,True,0.8067580636278524,0.04525057379611455,78
800,10,10,4,sqrt,True,0.8067553956394299,0.04611243717501077,81
800,,5,1,log2,True,0.8067526052662174,0.044384508392153306,82
800,30,5,1,log2,True,0.8067526052662174,0.044384508392153306,82
500,10,5,2,log2,True,0.8067454212790434,0.04568243886660052,84
500,30,2,1,sqrt,True,0.8067369644900533,0.042640435974126596,85
500,,2,1,sqrt,True,0.8067369644900533,0.042640435974126596,85
500,10,5,1,0.5,True,0.8067238326020842,0.042202465410257274,87
800,30,10,4,sqrt,True,0.8067174930699613,0.04516454580601982,88
800,20,10,4,sqrt,True,0.8067174930699613,0.04516454580601982,88
800,,10,4,sqrt,True,0.8067174930699613,0.04516454580601982,88
500,20,2,1,sqrt,True,0.8067017972206415,0.04265368361852594,91
200,10,10,1,0.5,True,0.8066758822413551,0.044164985872555865,92
300,,5,1,sqrt,True,0.8066741566158159,0.043851619763932516,93
300,30,5,1,sqrt,True,0.8066741566158159,0.043851619763932516,93
800,10,10,2,log2,True,0.8066476480702978,0.043666871012411214,95
300,20,5,1,sqrt,True,0.8066039811772192,0.04372533559734223,96
500,10,5,2,sqrt,True,0.8065932847465718,0.04337880948706488,97
500,,2,2,sqrt,True,0.8065727363403277,0.04323565187680138,98
500,20,2,2,sqrt,True,0.8065727363403277,0.04323565187680138,98
500,30,2,2,sqrt,True,0.8065727363403277,0.04323565187680138,98
200,,10,1,0.5,True,0.8065380280138784,0.04526440336241377,101
200,20,10,1,0.5,True,0.8065380280138784,0.04526440336241377,101
200,30,10,1,0.5,True,0.8065380280138784,0.04526440336241377,101
300,10,5,2,sqrt,True,0.8064868344562137,0.04203412559068872,104
500,30,5,1,0.5,True,0.8064145662377079,0.041830655126163234,105
500,,5,1,0.5,True,0.8064145662377079,0.041830655126163234,105
800,20,10,1,0.5,True,0.8064114821409994,0.04308668853704418,107
500,20,10,1,0.5,True,0.8064100747159143,0.042571046189902415,108
300,20,10,1,log2,True,0.8064060849717597,0.046108159378249705,109
800,10,5,1,sqrt,True,0.806388375892644,0.04357770988112836,110
800,,10,1,0.5,True,0.8063763944217012,0.043075678444799974,111
800,30,10,1,0.5,True,0.8063763944217012,0.043075678444799974,111
300,10,5,1,log2,True,0.80636096169968,0.04197880243821308,113
500,10,2,1,0.5,True,0.806340584632142,0.04133324567189666,114
500,30,10,1,0.5,True,0.8063398992773176,0.04254944841074613,115
500,,10,1,0.5,True,0.8063398992773176,0.04254944841074613,115
300,,10,1,log2,True,0.806300821813865,0.04591981674914007,117
300,30,10,1,log2,True,0.806300821813865,0.04591981674914007,117
800,20,2,1,log2,False,0.8062788047901407,0.041132236913990976,119
500,20,5,1,0.5,True,0.8062753657775412,0.041893813938846496,120
200,10,5,2,sqrt,True,0.8062753413005831,0.04215442088997366,121
300,10,5,1,0.5,True,0.8062703480011504,0.042823925829524094,122
500,,5,2,sqrt,True,0.8062687447604011,0.04096596926203459,123
500,30,5,2,sqrt,True,0.8062687447604011,0.04096596926203459,123
500,20,5,2,sqrt,True,0.8062687447604011,0.04096596926203455,123
200,30,5,2,sqrt,True,0.8062454304579028,0.042829390375455516,126
200,,5,2,sqrt,True,0.8062454304579028,0.042829390375455516,126
800,30,10,2,log2,True,0.8062299365434864,0.045471593162384034,128
800,,10,2,log2,True,0.8062299365434864,0.045471593162384034,128
800,20,10,2,log2,True,0.8062299365434864,0.045471593162384034,128
800,10,10,1,log2,True,0.8062264852924079,0.0451856163185122,131
800,10,2,1,log2,True,0.8062108567547226,0.041061272352387886,132
200,20,5,2,sqrt,True,0.8062103427386045,0.042765527820059705,133
300,10,2,1,log2,True,0.8060742875675411,0.04175013275074077,134
800,10,2,1,sqrt,True,0.8060526866521028,0.04311305235302806,135
500,10,10,2,log2,True,0.8060157509224753,0.04301152795225749,136
200,30,10,1,log2,False,0.8059983722822928,0.0433816417832404,137
200,,10,1,log2,False,0.8059983722822928,0.0433816417832404,137
500,30,10,2,sqrt,True,0.8059861215648118,0.046360892312396006,139
500,,10,2,sqrt,True,0.8059861215648118,0.046360892312396006,139
500,20,10,2,sqrt,True,0.8059861215648118,0.046360892312396006,139
300,10,10,2,log2,True,0.8059733323542548,0.04270813621575451,142
300,10,5,2,0.5,True,0.8059655976355259,0.04206025943452635,143
200,20,10,1,log2,False,0.8059638597715075,0.043816967701980375,144
800,10,2,1,log2,False,0.8059295920303023,0.04155434528511176,145
800,,2,1,log2,False,0.8059282090821753,0.04115668569754305,146
800,30,2,1,log2,False,0.8059282090821753,0.04115668569754305,146
800,20,5,2,log2,True,0.8059190424614029,0.04513812180352201,148
300,,5,1,log2,True,0.8058934885172471,0.047749203761009176,149
300,30,5,1,log2,True,0.8058934885172471,0.047749203761009176,149
800,,5,2,log2,True,0.8058839547421046,0.04514495896143731,151
800,30,5,2,log2,True,0.8058839547421046,0.04514495896143731,151
500,20,2,1,log2,True,0.8058721690868259,0.042199867038516595,153
500,30,2,1,log2,True,0.8058721690868259,0.04223916100079695,153
500,,2,1,log2,True,0.8058721690868259,0.04223916100079695,153
500,30,2,1,0.5,True,0.8058694705022061,0.0417863881276741,156
500,,2,1,0.5,True,0.8058694705022061,0.0417863881276741,156
300,20,5,1,log2,True,0.8058595512149749,0.04781505920485228,158
200,10,2,2,log2,True,0.8058576420122507,0.04481090543942887,159
500,10,10,2,sqrt,True,0.8058454647256438,0.04605092823136759,160
200,,5,1,sqrt,True,0.8058442164007857,0.046341501300995555,161
200,30,5,1,sqrt,True,0.8058442164007857,0.046341501300995555,161
800,10,2,2,0.5,True,0.8058302890116815,0.04503670721661517,163
500,20,10,2,log2,True,0.805813216333474,0.04547746283829885,164
500,30,10,2,log2,True,0.805813216333474,0.04547746283829885,164
500,,10,2,log2,True,0.805813216333474,0.04547746283829885,164
300,,2,1,log2,True,0.8057883538633819,0.043219382444183836,167
300,30,2,1,log2,True,0.8057883538633819,0.043219382444183836,167
500,20,2,1,0.5,True,0.8057831892252431,0.04186239607287543,169
800,10,2,1,0.5,True,0.8057755585335853,0.041379730587756354,170
200,20,5,1,sqrt,True,0.8057740409621893,0.04621463349494093,171
800,10,5,2,0.5,True,0.805765682081031,0.04430060688307707,172
800,,5,1,0.5,True,0.8057533456941972,0.043321547511220686,173
800,30,5,1,0.5,True,0.8057533456941972,0.043321547511220686,173
800,,2,1,0.5,True,0.8057514364914728,0.04314250605874951,175
800,30,2,1,0.5,True,0.8057514364914728,0.04314250605874951,175
300,,5,4,log2,True,0.8057449378591229,0.04388448722907354,177
300,30,2,4,log2,True,0.8057449378591229,0.04388448722907354,177
300,20,5,4,log2,True,0.8057449378591229,0.04388448722907354,177
300,20,2,4,log2,True,0.8057449378591229,0.04388448722907354,177
300,30,5,4,log2,True,0.8057449378591229,0.04388448722907354,177
300,,2,4,log2,True,0.8057449378591229,0.04388448722907354,177
500,20,10,1,log2,False,0.8057275592189402,0.04247547156273375,183
800,30,10,1,log2,False,0.8057225292040705,0.04093551963372123,184
800,,10,1,log2,False,0.8057225292040705,0.04093551963372123,184
800,10,5,1,0.5,True,0.8057159693793254,0.04334158708868574,186
500,30,10,1,log2,False,0.8056917371909019,0.041981423130997474,187
500,,10,1,log2,False,0.8056917371909019,0.041981423130997474,187
500,30,10,4,sqrt,True,0.8056716048929438,0.04608490457792261,189
500,20,10,4,sqrt,True,0.8056716048929438,0.04608490457792261,189
500,,10,4,sqrt,True,0.8056716048929438,0.04608490457792261,189
800,20,5,1,0.5,True,0.8056488657989584,0.04336999710195659,192
800,20,2,2,0.5,True,0.8056341918626353,0.04718956918696233,193
800,30,2,2,0.5,True,0.8056341918626353,0.04718956918696233,193
800,,2,2,0.5,True,0.8056341918626353,0.04718956918696233,193
800,20,2,1,0.5,True,0.8056289170781856,0.042971717657883324,196
500,10,10,4,log2,True,0.8055987492274461,0.04517723870841627,197
800,20,10,1,sqrt,True,0.8055963382470827,0.04441425934966073,198
800,,10,1,sqrt,True,0.8055612505277845,0.04442497158448872,199
800,30,10,1,sqrt,True,0.8055612505277845,0.04442497158448872,199
800,20,10,1,log2,False,0.8055484490787486,0.041071462227929574,201
200,,2,1,0.5,True,0.805542115665865,0.04123806083549989,202
200,30,2,1,0.5,True,0.805542115665865,0.04123806083549989,202
300,20,2,1,log2,True,0.8055093777345352,0.042989036699769126,204
200,10,2,1,log2,True,0.805498711900085,0.042324695769930316,205
800,10,10,1,sqrt,True,0.805485053757519,0.0431499327413487,206
300,20,5,2,log2,True,0.8054746755273255,0.047935920444435814,207
300,30,5,2,log2,True,0.8054746755273255,0.047935920444435814,207
300,,5,2,log2,True,0.8054746755273255,0.047935920444435814,207
200,,5,2,log2,False,0.805431730704508,0.043244580099435354,210
200,30,5,2,log2,False,0.805431730704508,0.043244580099435354,210
800,20,10,1,sqrt,False,0.8054097748731787,0.04274006233269522,212
300,30,5,2,log2,False,0.8054091507107495,0.042484153626799755,213
300,,5,2,log2,False,0.8054091507107495,0.042484153626799755,213
300,20,5,2,log2,False,0.8054089426566066,0.04242695128456117,215
300,10,2,2,sqrt,True,0.8054028846095008,0.041742828101587345,216
300,20,10,2,sqrt,True,0.80539063389202,0.04607447161923379,217
300,,10,2,sqrt,True,0.80539063389202,0.04607447161923379,217
300,30,10,2,sqrt,True,0.80539063389202,0.04607447161923379,217
300,30,10,2,0.5,True,0.8053357810291336,0.04517654634329525,220
300,,10,2,0.5,True,0.8053357810291336,0.04517654634329525,220
300,20,10,2,0.5,True,0.8053357810291336,0.04517654634329525,220
300,20,2,2,0.5,True,0.805331191599508,0.0443863241964552,223
300,30,2,2,0.5,True,0.805331191599508,0.0443863241964552,223
300,,2,2,0.5,True,0.805331191599508,0.0443863241964552,223
500,20,5,1,log2,False,0.8053128583579632,0.04315709143386486,226
300,10,5,2,log2,True,0.8053113163096091,0.045608293361565515,227
800,20,5,1,log2,False,0.8053104596160789,0.04251457514961256,228
300,20,5,1,log2,False,0.8052789944865651,0.042489521074330856,229
500,30,10,1,sqrt,False,0.8052761673979159,0.043054127206109766,230
500,,10,1,sqrt,False,0.8052761673979159,0.043054127206109766,230
200,,2,2,0.5,True,0.8052418629412736,0.04503780995257267,232
200,20,2,2,0.5,True,0.8052418629412736,0.04503780995257267,232
200,30,2,2,0.5,True,0.8052418629412736,0.04503780995257267,232
800,,10,1,sqrt,False,0.8052349114852007,0.04257461746397137,235
800,30,10,1,sqrt,False,0.8052349114852007,0.04257461746397137,235
200,20,5,2,log2,False,0.8052216204970046,0.04323019606077576,237
800,10,10,4,log2,True,0.8052181202920101,0.04503836772738825,238
500,10,10,4,sqrt,True,0.8052157705040418,0.04632996923170227,239
200,30,2,1,log2,True,0.805187444544392,0.04334658460794248,240
200,,2,1,log2,True,0.805187444544392,0.04334658460794248,240
500,20,2,1,log2,False,0.8051757139622687,0.04188493341793476,242
500,30,10,2,0.5,True,0.805163377575435,0.045417287284682306,243
500,,10,2,0.5,True,0.805163377575435,0.045417287284682306,243
500,20,10,2,0.5,True,0.805163377575435,0.045417287284682306,243
200,20,2,1,0.5,True,0.8051587391918933,0.041289181376818994,246
200,,10,4,log2,False,0.8051398307418355,0.04549137563771992,247
200,20,10,4,log2,False,0.8051398307418355,0.04549137563771992,247
200,30,10,4,log2,False,0.8051398307418355,0.04549137563771992,247
300,30,5,1,log2,False,0.8051380684008592,0.04261840083844525,250
300,,5,1,log2,False,0.8051380684008592,0.04261840083844525,250
800,30,10,2,0.5,True,0.8051329404781573,0.04546232766467065,252
800,20,10,2,0.5,True,0.8051329404781573,0.04546232766467065,252
800,,10,2,0.5,True,0.8051329404781573,0.04546232766467065,252
300,30,5,2,sqrt,True,0.8051270537697575,0.0444998715806874,255
300,,5,2,sqrt,True,0.8051270537697575,0.0444998715806874,255
300,20,5,2,sqrt,True,0.8051270537697575,0.0444998715806874,255
500,10,10,1,log2,True,0.8051079495040355,0.04603484529238089,258
500,,5,1,log2,False,0.805104057667713,0.043765744884382,259
500,30,5,1,log2,False,0.805104057667713,0.043765744884382,259
500,,2,1,log2,False,0.8051033661936493,0.04164820091041607,261
500,30,2,1,log2,False,0.8051033661936493,0.04164820091041607,261
300,10,2,1,0.5,True,0.8050837417925699,0.04160642473505771,263
800,30,5,1,log2,False,0.8050285462522717,0.04272902857491751,264
800,,5,1,log2,False,0.8050285462522717,0.04272902857491751,264
200,20,5,1,0.5,True,0.8050272734504557,0.043185402888707224,266
500,10,2,2,0.5,True,0.8050257558790592,0.04479038230373962,267
200,30,5,4,log2,True,0.805016454635018,0.04470865124000259,268
200,,2,4,log2,True,0.805016454635018,0.04470865124000259,268
200,20,5,4,log2,True,0.805016454635018,0.04470865124000259,268
200,,5,4,log2,True,0.805016454635018,0.04470865124000259,268
200,20,2,4,log2,True,0.805016454635018,0.04470865124000259,268
200,30,2,4,log2,True,0.805016454635018,0.04470865124000259,268
200,20,2,1,log2,True,0.8049953249010212,0.0431413122700603,274
300,10,2,2,0.5,True,0.8049882082254818,0.044184921770774786,275
300,,10,1,sqrt,False,0.8049667541717916,0.04373968169471075,276
300,30,10,1,sqrt,False,0.8049667541717916,0.04373968169471075,276
500,20,10,1,sqrt,False,0.8049608429864336,0.042924570414115036,278
300,20,10,1,sqrt,False,0.8049324986690654,0.04391501849892857,279
200,10,10,2,log2,True,0.8049266731530607,0.04207196677191676,280
200,30,5,1,0.5,True,0.8049237359181001,0.043285957773253746,281
200,,5,1,0.5,True,0.8049237359181001,0.043285957773253746,281
500,10,2,1,log2,False,0.8049218389538548,0.04172494129583988,283
300,20,10,4,0.5,True,0.8048951835465887,0.04365502474064338,284
300,,10,4,0.5,True,0.8048951835465887,0.04365502474064338,284
300,30,10,4,0.5,True,0.8048951835465887,0.04365502474064338,284
500,10,2,1,sqrt,True,0.8048828593982339,0.04441963792624753,287
800,10,5,1,log2,False,0.8048785392151464,0.041673932372671474,288
200,10,5,1,0.5,True,0.8048185584295584,0.042415197479950616,289
200,30,10,1,sqrt,False,0.8047600707384086,0.04450477556929211,290
200,,10,1,sqrt,False,0.8047600707384086,0.04450477556929211,290
200,10,2,1,0.5,True,0.8047399996328455,0.04103208302133351,292
500,20,5,4,log2,True,0.8047349084255808,0.043917943585411075,293
500,30,2,4,log2,True,0.8047349084255808,0.043917943585411075,293
500,30,5,4,log2,True,0.8047349084255808,0.043917943585411075,293
500,20,2,4,log2,True,0.8047349084255808,0.043917943585411075,293
500,,5,4,log2,True,0.8047349084255808,0.043917943585411075,293
500,,2,4,log2,True,0.8047349084255808,0.043917943585411075,293
500,5,2,2,0.5,True,0.80472952349482,0.04479863405357822,299
300,10,5,1,sqrt,True,0.8047155716287581,0.0424513471933165,300
300,10,5,4,log2,True,0.8046996248906186,0.04601344807687143,301
300,10,2,4,log2,True,0.8046996248906186,0.04601344807687143,301
200,10,5,4,log2,True,0.8046993311671227,0.04512993214710479,303
200,10,2,4,log2,True,0.8046993311671227,0.04512993214710479,303
300,10,10,1,log2,True,0.8046791009613324,0.04537650360145139,305
300,5,2,1,0.5,True,0.804655199211842,0.04384574031003617,306
500,20,2,2,0.5,True,0.804648272232727,0.04634040175382622,307
500,,2,2,0.5,True,0.804648272232727,0.04634040175382622,307
500,30,2,2,0.5,True,0.804648272232727,0.04634040175382622,307
300,10,10,4,sqrt,True,0.8045873980381717,0.045733973322736786,310
200,20,10,1,sqrt,False,0.8045830656166052,0.043974863277964904,311
300,20,10,1,log2,False,0.8045783905176265,0.043430289794290346,312
500,10,10,1,sqrt,True,0.804534442139531,0.04224515970277945,313
200,10,10,1,log2,False,0.8045108218750574,0.044498433281503734,314
300,20,5,1,sqrt,False,0.8045053390364647,0.04375627673521277,315
500,20,2,2,sqrt,False,0.8044620270592769,0.04237161884195171,316
800,,2,4,log2,True,0.8044188986592745,0.04448830199348519,317
800,30,2,4,log2,True,0.8044188986592745,0.04448830199348519,317
800,30,5,4,log2,True,0.8044188986592745,0.04448830199348519,317
800,,5,4,log2,True,0.8044188986592745,0.04448830199348519,317
800,20,2,4,log2,True,0.8044188986592745,0.04448830199348519,317
800,20,5,4,log2,True,0.8044188986592745,0.04448830199348519,317
200,,5,2,log2,True,0.8044094015995691,0.0492942791148037,323
200,30,5,2,log2,True,0.8044094015995691,0.0492942791148037,323
200,20,5,2,log2,True,0.8044094015995691,0.0492942791148037,323
300,5,10,1,0.5,True,0.8044062563104658,0.042947780927016836,326
200,20,10,2,log2,False,0.8043982523451987,0.043568918779084025,327
200,30,10,2,log2,False,0.8043982523451987,0.043568918779084025,327
200,,10,2,log2,False,0.8043982523451987,0.043568918779084025,327
200,10,10,1,log2,True,0.8043736040484889,0.04492137042138733,330
200,20,10,1,log2,True,0.8043724536314627,0.04458238293213033,331
200,,2,4,sqrt,False,0.8043673991396348,0.04508752767819846,332
200,20,2,4,sqrt,False,0.8043673991396348,0.04508752767819846,332
200,,5,4,sqrt,False,0.8043673991396348,0.04508752767819846,332
200,30,2,4,sqrt,False,0.8043673991396348,0.04508752767819846,332
200,30,5,4,sqrt,False,0.8043673991396348,0.04508752767819846,332
200,20,5,4,sqrt,False,0.8043673991396348,0.04508752767819846,332
800,10,5,2,log2,False,0.8043587342965015,0.04081284119787113,338
200,20,2,1,sqrt,True,0.8043494330524602,0.043160780694639356,339
300,30,10,1,log2,False,0.8043331925908248,0.043361535606013156,340
300,,10,1,log2,False,0.8043331925908248,0.043361535606013156,340
500,30,2,2,sqrt,False,0.8043218842362272,0.042362392697194225,342
500,,2,2,sqrt,False,0.8043218842362272,0.042362392697194225,342
200,,2,1,sqrt,True,0.8043148654685195,0.04321930594090122,344
200,30,2,1,sqrt,True,0.8043148654685195,0.04321930594090122,344
200,10,5,2,log2,True,0.8043042363495065,0.04616027193069369,346
200,10,5,1,sqrt,True,0.8043022047619921,0.04522669924271462,347
300,,5,1,sqrt,False,0.8042967341618784,0.0443727280395618,348
300,30,5,1,sqrt,False,0.8042967341618784,0.0443727280395618,348
800,10,2,4,log2,True,0.8042895256977463,0.04669527873179352,350
800,10,5,4,log2,True,0.8042895256977463,0.04669527873179352,350
300,5,2,2,0.5,True,0.8042811178626721,0.04482258317787762,352
300,10,5,4,sqrt,True,0.8042793555216956,0.044374798963204606,353
300,10,2,4,sqrt,True,0.8042793555216956,0.044374798963204606,353
200,20,5,1,log2,True,0.8042763570943403,0.04720353910990604,355
300,5,5,2,0.5,True,0.8042733341900268,0.043669133136397635,356
200,30,5,1,log2,True,0.8042412693750421,0.04721263751314685,357
200,,5,1,log2,True,0.8042412693750421,0.04721263751314685,357
300,,5,4,0.5,True,0.8042321027542696,0.046238178248251285,359
300,30,2,4,0.5,True,0.8042321027542696,0.046238178248251285,359
300,30,5,4,0.5,True,0.8042321027542696,0.046238178248251285,359
300,20,2,4,0.5,True,0.8042321027542696,0.046238178248251285,359
300,,2,4,0.5,True,0.8042321027542696,0.046238178248251285,359
300,20,5,4,0.5,True,0.8042321027542696,0.046238178248251285,359
500,10,5,1,log2,False,0.8042178326877535,0.04222324691776004,365
300,30,2,2,sqrt,True,0.8042022531039843,0.04383159043512622,366
300,,2,2,sqrt,True,0.8042022531039843,0.04383159043512622,366
300,20,2,2,sqrt,True,0.8042022531039843,0.04383159043512622,366
500,10,10,1,log2,False,0.8041988263298638,0.04361874806778731,369
200,,10,1,log2,True,0.8041970150349714,0.04426709284638529,370
200,30,10,1,log2,True,0.8041970150349714,0.04426709284638529,370
500,5,2,1,0.5,True,0.8041698211346293,0.045001116187734815,372
800,10,5,4,sqrt,True,0.804073296250742,0.045877848510212295,373
800,10,2,4,sqrt,True,0.804073296250742,0.045877848510212295,373
300,30,5,2,0.5,True,0.8040716807715137,0.04416182912243428,375
300,20,5,2,0.5,True,0.8040716807715137,0.04416182912243428,375
300,,5,2,0.5,True,0.8040716807715137,0.04416182912243428,375
300,10,10,2,sqrt,True,0.8040616452187322,0.04556317704218776,378
800,20,5,2,0.5,True,0.8040492598779823,0.04522453378133858,379
800,30,5,2,0.5,True,0.8040492598779823,0.04522453378133858,379
800,,5,2,0.5,True,0.8040492598779823,0.04522453378133858,379
500,5,5,2,0.5,True,0.8040245748658356,0.04414009808009265,382
800,10,10,1,log2,False,0.8040131930803639,0.04225090075944416,383
500,20,10,4,log2,True,0.8040014441405221,0.044488223865109124,384
500,30,10,4,log2,True,0.8040014441405221,0.044488223865109124,384
500,,10,4,log2,True,0.8040014441405221,0.044488223865109124,384
200,10,2,4,sqrt,True,0.8040000611923951,0.04508150913057935,387
200,10,5,4,sqrt,True,0.8040000611923951,0.04508150913057935,387
500,10,10,2,0.5,True,0.8039884835912593,0.04581887755089621,389
800,10,10,2,0.5,True,0.8039497855206555,0.04461495202725536,390
200,20,2,2,sqrt,True,0.8039284048978393,0.0446202599373741,391
200,,2,2,sqrt,True,0.8039284048978393,0.0446202599373741,391
200,30,2,2,sqrt,True,0.8039284048978393,0.0446202599373741,391
300,10,10,4,0.5,True,0.8039239256145245,0.043882110682112736,394
500,30,10,1,sqrt,True,0.8039171332586786,0.04387467433891088,395
500,,10,1,sqrt,True,0.8039171332586786,0.04387467433891088,395
500,20,10,1,sqrt,True,0.8039171332586786,0.04387467433891088,395
500,10,5,2,0.5,True,0.8038784596650329,0.04329230122827659,398
200,5,5,2,0.5,True,0.8038599183693451,0.04350767118664535,399
800,20,2,2,sqrt,False,0.8038386723697979,0.04250330405751337,400
500,10,5,4,log2,True,0.8038242921569708,0.04557636974482118,401
500,10,2,4,log2,True,0.8038242921569708,0.04557636974482118,401
300,10,2,1,sqrt,True,0.8038211958217832,0.04285347489775713,403
800,,2,2,sqrt,False,0.8038040007587858,0.04255806427661169,404
800,30,2,2,sqrt,False,0.8038040007587858,0.04255806427661169,404
200,10,2,2,0.5,True,0.8037829628133816,0.044961799471398486,406
300,20,10,4,sqrt,True,0.8037764397040735,0.044970573180492183,407
300,30,10,4,sqrt,True,0.8037764397040735,0.044970573180492183,407
300,,10,4,sqrt,True,0.8037764397040735,0.044970573180492183,407
300,30,2,2,sqrt,False,0.8037676524761503,0.041033574843288,410
300,,2,2,sqrt,False,0.8037676524761503,0.041033574843288,410
200,,2,4,log2,False,0.8037665754899981,0.041663158672385917,412
200,20,2,4,log2,False,0.8037665754899981,0.041663158672385917,412
200,,5,4,log2,False,0.8037665754899981,0.041663158672385917,412
200,30,5,4,log2,False,0.8037665754899981,0.041663158672385917,412
200,20,5,4,log2,False,0.8037665754899981,0.041663158672385917,412
200,30,2,4,log2,False,0.8037665754899981,0.041663158672385917,412
800,10,5,1,sqrt,False,0.8037591956871599,0.042457649191616764,418
300,5,5,1,0.5,True,0.803746222899418,0.043302919490511384,419
200,10,2,4,sqrt,False,0.8037294561831855,0.040003532522847274,420
200,10,5,4,sqrt,False,0.8037294561831855,0.040003532522847274,420
200,30,5,4,0.5,True,0.80371898004516,0.046463771703584095,422
200,30,2,4,0.5,True,0.80371898004516,0.046463771703584095,422
200,,2,4,0.5,True,0.80371898004516,0.046463771703584095,422
200,,5,4,0.5,True,0.80371898004516,0.046463771703584095,422
200,20,5,4,0.5,True,0.80371898004516,0.046463771703584095,422
200,20,2,4,0.5,True,0.80371898004516,0.046463771703584095,422
500,,5,1,sqrt,False,0.8037037676157608,0.04427719710429331,428
500,30,5,1,sqrt,False,0.8037037676157608,0.04427719710429331,428
300,20,2,2,sqrt,False,0.8036970609292677,0.04093137565270116,430
300,,2,1,sqrt,False,0.8036917494293808,0.044149322736191994,431
300,30,2,1,sqrt,False,0.8036917494293808,0.044149322736191994,431
800,10,2,2,sqrt,False,0.8036699771752367,0.04361753170673915,433
300,,10,1,sqrt,True,0.8036699282213207,0.04473029763517504,434
300,20,10,1,sqrt,True,0.8036699282213207,0.04473029763517504,434
300,30,10,1,sqrt,True,0.8036699282213207,0.04473029763517504,434
500,5,5,1,0.5,True,0.8036659507156451,0.04307794027187176,437
200,5,10,4,log2,True,0.8036372881978228,0.04203620485612572,438
500,10,10,2,log2,False,0.8036238625863577,0.04154985522557726,439
200,,10,2,sqrt,True,0.8036164460680826,0.04756893850504813,440
200,30,10,2,sqrt,True,0.8036164460680826,0.04756893850504813,440
200,20,10,2,sqrt,True,0.8036164460680826,0.04756893850504813,440
800,20,2,1,sqrt,False,0.8035429417631976,0.042854376930666176,443
200,10,10,4,sqrt,True,0.8035363941769317,0.04447358436056587,444
800,,5,4,sqrt,False,0.8035347175053082,0.04583383876724519,445
800,,2,4,sqrt,False,0.8035347175053082,0.04583383876724519,445
800,20,2,4,sqrt,False,0.8035347175053082,0.04583383876724519,445
800,30,2,4,sqrt,False,0.8035347175053082,0.04583383876724519,445
800,30,5,4,sqrt,False,0.8035347175053082,0.04583383876724519,445
800,20,5,4,sqrt,False,0.8035347175053082,0.04583383876724519,445
500,10,5,4,sqrt,True,0.8035116724493478,0.045051618884237615,451
500,10,2,4,sqrt,True,0.8035116724493478,0.045051618884237615,451
300,20,2,1,sqrt,False,0.803497561483059,0.04384971044481022,453
500,30,5,4,sqrt,False,0.8034804765663722,0.04786536651656374,454
500,,5,4,sqrt,False,0.8034804765663722,0.04786536651656374,454
500,20,2,4,sqrt,False,0.8034804765663722,0.04786536651656374,454
500,20,5,4,sqrt,False,0.8034804765663722,0.04786536651656374,454
500,,2,4,sqrt,False,0.8034804765663722,0.04786536651656374,454
500,30,2,4,sqrt,False,0.8034804765663722,0.04786536651656374,454
200,5,5,1,0.5,True,0.8034770865076888,0.0435291323970983,460
300,5,10,2,0.5,True,0.8034691804502536,0.0444429046757658,461
300,5,2,4,0.5,True,0.8034686909110936,0.04514031487618368,462
300,5,5,4,0.5,True,0.8034686909110936,0.04514031487618368,462
500,5,10,2,0.5,True,0.8034665247003103,0.0438952747375735,464
500,,10,2,log2,False,0.8034647011669389,0.0434841393194782,465
500,30,10,2,log2,False,0.8034647011669389,0.0434841393194782,465
200,5,2,2,0.5,True,0.8034485953285726,0.04418604807297295,467
800,30,2,1,sqrt,False,0.8034388045453712,0.04339992193769637,468
800,,2,1,sqrt,False,0.8034388045453712,0.04339992193769637,468
500,20,10,2,log2,False,0.8034296134476406,0.04364256378644024,470
800,30,2,4,sqrt,True,0.8034013547996255,0.04551258571744757,471
800,30,5,4,sqrt,True,0.8034013547996255,0.04551258571744757,471
800,20,5,4,sqrt,True,0.8034013547996255,0.04551258571744757,471
800,20,2,4,sqrt,True,0.8034013547996255,0.04551258571744757,471
800,,2,4,sqrt,True,0.8034013547996255,0.04551258571744757,471
800,,5,4,sqrt,True,0.8034013547996255,0.04551258571744757,471
300,10,10,2,0.5,True,0.8033970101395799,0.04586990700217952,477
500,20,5,1,sqrt,False,0.8033897037676156,0.04431888109200281,478
300,20,10,2,sqrt,False,0.8033640641541069,0.04516750806663073,479
500,,5,4,0.5,True,0.80335703926716,0.04624410593576644,480
500,,2,4,0.5,True,0.80335703926716,0.04624410593576644,480
500,30,5,4,0.5,True,0.80335703926716,0.04624410593576644,480
500,30,2,4,0.5,True,0.80335703926716,0.04624410593576644,480
500,20,5,4,0.5,True,0.80335703926716,0.04624410593576644,480
500,20,2,4,0.5,True,0.80335703926716,0.04624410593576644,480
800,10,10,4,log2,False,0.8033496349873639,0.04151552787373564,486
800,5,5,1,0.5,True,0.803324778636511,0.044770994071856224,487
500,5,10,1,0.5,True,0.8033187940202792,0.0423869005080296,488
800,10,2,4,log2,False,0.803317215256488,0.04317435689793027,489
800,10,5,4,log2,False,0.803317215256488,0.04317435689793027,489
300,20,10,4,log2,False,0.8033142780215273,0.04309558344213285,491
300,30,10,4,log2,False,0.8033142780215273,0.04309558344213285,491
300,,10,4,log2,False,0.8033142780215273,0.04309558344213285,491
800,,10,4,log2,True,0.8033069961265215,0.04455672863823176,494
800,30,10,4,log2,True,0.8033069961265215,0.04455672863823176,494
800,20,10,4,log2,True,0.8033069961265215,0.04455672863823176,494
500,10,10,4,sqrt,False,0.8032835472007539,0.04448513814502032,497
300,10,2,1,log2,False,0.803270745751718,0.03950025984035874,498
200,10,10,4,sqrt,False,0.8032543094744184,0.0451502058268298,499
200,20,10,2,0.5,True,0.8032528653338963,0.044839551784681145,500
200,30,10,2,0.5,True,0.8032528653338963,0.044839551784681145,500
200,,10,2,0.5,True,0.8032528653338963,0.044839551784681145,500
500,5,2,2,sqrt,True,0.8032465625172103,0.04628556906557298,503
500,10,5,2,log2,False,0.8032428297811146,0.04032280510167912,504
200,10,10,4,log2,False,0.8032421077108538,0.044547712294759484,505
300,20,5,4,log2,False,0.8032110219741891,0.04247865579756202,506
300,,5,4,log2,False,0.8032110219741891,0.04247865579756202,506
300,30,5,4,log2,False,0.8032110219741891,0.04247865579756202,506
300,20,2,4,log2,False,0.8032110219741891,0.04247865579756202,506
300,,2,4,log2,False,0.8032110219741891,0.04247865579756202,506
300,30,2,4,log2,False,0.8032110219741891,0.04247865579756202,506
300,,10,2,sqrt,False,0.8031896658283308,0.045305668760725566,512
300,30,10,2,sqrt,False,0.8031896658283308,0.045305668760725566,512
800,30,2,4,0.5,True,0.8031863614390004,0.04676541827530377,514
800,20,5,4,0.5,True,0.8031863614390004,0.04676541827530377,514
800,,5,4,0.5,True,0.8031863614390004,0.04676541827530377,514
800,,2,4,0.5,True,0.8031863614390004,0.04676541827530377,514
800,30,5,4,0.5,True,0.8031863614390004,0.04676541827530377,514
800,20,2,4,0.5,True,0.8031863614390004,0.04676541827530377,514
800,20,5,1,sqrt,False,0.8031804502536424,0.043702839691283316,520
500,10,10,4,log2,False,0.8031492054167508,0.042914268579624264,521
800,,10,4,log2,False,0.8031455583500083,0.04306407251671043,522
800,30,10,4,log2,False,0.8031455583500083,0.04306407251671043,522
800,20,10,4,log2,False,0.8031455583500083,0.04306407251671043,522
200,5,2,1,0.5,True,0.8031273474932534,0.04391284441766026,525
200,,10,4,sqrt,True,0.8031065543174293,0.0441600684538083,526
200,30,10,4,sqrt,True,0.8031065543174293,0.0441600684538083,526
200,20,10,4,sqrt,True,0.8031065543174293,0.0441600684538083,526
800,10,2,2,log2,False,0.8031014631101646,0.041199003248357804,529
300,10,10,1,sqrt,True,0.8031014141562487,0.04347544135901043,530
200,10,2,4,0.5,True,0.8030919293350223,0.04631932008856599,531
200,10,5,4,0.5,True,0.8030919293350223,0.04631932008856599,531
500,10,5,4,log2,False,0.8030669016454635,0.04294817516918673,533
500,10,2,4,log2,False,0.8030669016454635,0.04294817516918673,533
200,10,5,2,0.5,True,0.8030070310061866,0.042986069648074235,535
300,5,10,4,log2,True,0.8029821501783759,0.0433556147320011,536
500,10,2,2,sqrt,False,0.802977156878943,0.04510784826007956,537
200,10,10,2,0.5,True,0.802976410331724,0.04463083060168574,538
300,10,5,4,sqrt,False,0.8029705236233241,0.04269240130717811,539
300,10,2,4,sqrt,False,0.8029705236233241,0.04269240130717811,539
800,30,5,1,sqrt,False,0.802936500651699,0.043860093539623626,541
800,,5,1,sqrt,False,0.802936500651699,0.043860093539623626,541
300,30,2,4,sqrt,False,0.8029107753688371,0.045856057268211084,543
300,30,5,4,sqrt,False,0.8029107753688371,0.045856057268211084,543
300,20,5,4,sqrt,False,0.8029107753688371,0.045856057268211084,543
300,20,2,4,sqrt,False,0.8029107753688371,0.045856057268211084,543
300,,2,4,sqrt,False,0.8029107753688371,0.045856057268211084,543
300,,5,4,sqrt,False,0.8029107753688371,0.045856057268211084,543
800,5,10,1,0.5,True,0.8029071894944895,0.043903109083103534,549
200,10,10,2,log2,False,0.8028926501814354,0.04204615780380385,550
500,20,2,4,log2,False,0.802856069367699,0.042184157670470575,551
500,20,5,4,log2,False,0.802856069367699,0.042184157670470575,551
300,20,10,2,log2,False,0.8028301360306941,0.043762641157698796,553
500,20,10,4,log2,False,0.8028252161621353,0.043680084935914514,554
500,,10,4,log2,False,0.8028252161621353,0.043680084935914514,554
500,30,10,4,log2,False,0.8028252161621353,0.043680084935914514,554
500,30,2,4,log2,False,0.8028209816484008,0.042119854728045636,557
500,,2,4,log2,False,0.8028209816484008,0.042119854728045636,557
500,,5,4,log2,False,0.8028209816484008,0.042119854728045636,557
500,30,5,4,log2,False,0.8028209816484008,0.042119854728045636,557
300,30,10,2,log2,True,0.8028144952545297,0.04488954078615405,561
300,,10,2,log2,True,0.8028144952545297,0.04488954078615405,561
300,20,10,2,log2,True,0.8028144952545297,0.04488954078615405,561
200,20,2,2,sqrt,False,0.8028141281001597,0.04004888136345419,564
800,20,2,2,log2,False,0.8027987443320544,0.043282982254628975,565
800,20,2,4,log2,False,0.8027927352388644,0.04353011733245717,566
800,20,5,4,log2,False,0.8027927352388644,0.04353011733245717,566
200,10,2,2,sqrt,True,0.8027647091219503,0.04264640888095103,568
300,,10,2,log2,False,0.8027599605920976,0.043636406757627096,569
300,30,10,2,log2,False,0.8027599605920976,0.043636406757627096,569
800,30,5,4,log2,False,0.8027576475195662,0.04346591337100656,571
800,30,2,4,log2,False,0.8027576475195662,0.04346591337100656,571
800,,2,4,log2,False,0.8027576475195662,0.04346591337100656,571
800,,5,4,log2,False,0.8027576475195662,0.04346591337100656,571
500,20,2,4,sqrt,True,0.8027439649000421,0.045948642572603796,575
500,,5,4,sqrt,True,0.8027439649000421,0.045948642572603796,575
500,,2,4,sqrt,True,0.8027439649000421,0.045948642572603796,575
500,20,5,4,sqrt,True,0.8027439649000421,0.045948642572603796,575
500,30,2,4,sqrt,True,0.8027439649000421,0.045948642572603796,575
500,30,5,4,sqrt,True,0.8027439649000421,0.045948642572603796,575
200,20,10,1,sqrt,True,0.8027387513079874,0.04666850547791068,581
200,,10,1,sqrt,True,0.8027387513079874,0.04666850547791068,581
200,30,10,1,sqrt,True,0.8027387513079874,0.04666850547791068,581
800,5,10,2,0.5,True,0.8027385554923233,0.044778804484994265,584
200,20,5,1,log2,False,0.8027371358287592,0.04352428851276886,585
200,5,10,1,0.5,True,0.8027327789302344,0.04248677447226162,586
800,30,2,2,log2,False,0.8027293521561141,0.04329087167712927,587
800,,2,2,log2,False,0.8027293521561141,0.04329087167712927,587
500,10,2,4,0.5,True,0.8027292664867611,0.04551853126586915,589
500,10,5,4,0.5,True,0.8027292664867611,0.04551853126586915,589
500,,5,2,0.5,True,0.8027182640941385,0.044058174137691884,591
500,20,5,2,0.5,True,0.8027182640941385,0.044058174137691884,591
500,30,5,2,0.5,True,0.8027182640941385,0.044058174137691884,591
200,,10,2,sqrt,False,0.8027049853444213,0.04459653037241509,594
200,30,10,2,sqrt,False,0.8027049853444213,0.04459653037241509,594
500,20,10,4,0.5,True,0.8027019379631499,0.0457234919760049,596
500,,10,4,0.5,True,0.8027019379631499,0.0457234919760049,596
500,30,10,4,0.5,True,0.8027019379631499,0.0457234919760049,596
300,10,10,2,log2,False,0.802689075321719,0.04298887131104615,599
300,20,10,4,log2,True,0.8026777057747262,0.046682164567161025,600
300,,10,4,log2,True,0.8026777057747262,0.046682164567161025,600
300,30,10,4,log2,True,0.8026777057747262,0.046682164567161025,600
200,20,10,2,sqrt,False,0.802670105679266,0.04462313544266151,603
200,30,5,1,log2,False,0.8026692612242151,0.0438204045242099,604
200,,5,1,log2,False,0.8026692612242151,0.0438204045242099,604
500,10,2,2,log2,False,0.8026518091531585,0.04117640045392452,606
800,20,10,2,log2,False,0.8026204786469137,0.04365076838409311,607
800,5,5,1,sqrt,True,0.802615766832498,0.04564612414377,608
800,5,2,2,0.5,True,0.8025971521059363,0.04455980847435734,609
200,10,10,2,sqrt,True,0.8025903719885694,0.044852384591528245,610
500,20,5,2,sqrt,False,0.8025896132028713,0.045598999119993565,611
200,,5,1,sqrt,False,0.802588707555425,0.043800528825866165,612
200,30,5,1,sqrt,False,0.802588707555425,0.043800528825866165,612
500,20,2,1,sqrt,False,0.8025425072971931,0.044398745553461585,614
200,30,2,2,sqrt,False,0.802535090778918,0.0402217050932386,615
200,,2,2,sqrt,False,0.802535090778918,0.0402217050932386,615
300,20,2,1,log2,False,0.8025299261407792,0.04138637602555926,617
200,20,2,2,log2,False,0.8025235254162613,0.04313300430176682,618
500,,5,2,sqrt,False,0.8025194377642748,0.04541694579131518,619
500,30,5,2,sqrt,False,0.8025194377642748,0.04541694579131518,619
500,10,5,4,sqrt,False,0.8024874463801638,0.044130623771431114,621
500,10,2,4,sqrt,False,0.8024874463801638,0.044130623771431114,621
800,30,10,2,log2,False,0.8024801277697208,0.043433921976046994,623
800,,10,2,log2,False,0.8024801277697208,0.043433921976046994,623
300,,2,4,sqrt,True,0.802428456911375,0.04426369937776565,625
300,30,2,4,sqrt,True,0.802428456911375,0.04426369937776565,625
300,20,2,4,sqrt,True,0.802428456911375,0.04426369937776565,625
300,,5,4,sqrt,True,0.802428456911375,0.04426369937776565,625
300,30,5,4,sqrt,True,0.802428456911375,0.04426369937776565,625
300,20,5,4,sqrt,True,0.802428456911375,0.04426369937776565,625
500,30,2,1,sqrt,False,0.8024171607952564,0.044144863090322915,631
500,,2,1,sqrt,False,0.8024171607952564,0.044144863090322915,631
200,20,5,1,sqrt,False,0.8024120695879915,0.0431244293861859,633
300,10,5,4,0.5,True,0.8023828318616563,0.04621496793521305,634
300,10,2,4,0.5,True,0.8023828318616563,0.04621496793521305,634
300,10,10,4,sqrt,False,0.8023683659794761,0.04455865017562741,636
800,5,2,1,sqrt,True,0.8023366316034244,0.045599811738908806,637
200,5,10,2,0.5,True,0.8023162178204494,0.04327985414287216,638
200,,10,4,log2,True,0.80231388027096,0.045194094813548503,639
200,30,10,4,log2,True,0.80231388027096,0.045194094813548503,639
200,20,10,4,log2,True,0.80231388027096,0.045194094813548503,639
800,10,5,2,sqrt,False,0.8022880448417868,0.04154079460622283,642
300,10,5,4,log2,False,0.8022708130633525,0.04323104879738926,643
300,10,2,4,log2,False,0.8022708130633525,0.04323104879738926,643
800,10,10,2,log2,False,0.8022623929897991,0.04207008709087564,645
800,5,5,2,0.5,True,0.802247584430207,0.04422919828428621,646
300,10,10,1,log2,False,0.8022386381020568,0.04334119131594481,647
500,5,2,1,sqrt,True,0.8022384790018295,0.0464530234109247,648
800,,10,4,0.5,True,0.8022152503686841,0.046514028600627415,649
800,20,10,4,0.5,True,0.8022152503686841,0.046514028600627415,649
800,30,10,4,0.5,True,0.8022152503686841,0.046514028600627415,649
300,5,5,2,sqrt,True,0.8021952159785583,0.04592439199272246,652
500,10,10,4,0.5,True,0.8021841646320196,0.04583523149043502,653
300,10,5,1,log2,False,0.8021624902857072,0.04350176711314916,654
800,5,5,2,sqrt,True,0.8021593572350829,0.04532905792024469,655
300,5,10,4,0.5,True,0.8021569095392825,0.04596929111190885,656
800,5,2,1,0.5,True,0.8021443406213475,0.04486811330469915,657
200,,2,2,log2,False,0.8021377685581236,0.04295173821768924,658
200,30,2,2,log2,False,0.8021377685581236,0.04295173821768924,658
500,5,5,2,sqrt,True,0.8021291771458643,0.04641883490405129,660
200,,2,1,sqrt,False,0.8021216749582362,0.04337867071040531,661
200,30,2,1,sqrt,False,0.8021216749582362,0.04337867071040531,661
800,30,5,2,sqrt,False,0.8021053243502896,0.04615581082056589,663
800,,5,2,sqrt,False,0.8021053243502896,0.04615581082056589,663
300,5,2,2,sqrt,True,0.8020948849277012,0.04590783309438899,665
500,10,5,1,sqrt,False,0.8020824628715143,0.043015373618865434,666
200,5,5,4,log2,True,0.8020754135076092,0.04454636453466483,667
200,5,2,4,log2,True,0.8020754135076092,0.04454636453466483,667
200,20,2,1,sqrt,False,0.8020340413293436,0.04297152521684711,669
800,5,2,2,sqrt,True,0.8020240363727597,0.04557492481124319,670
200,30,2,4,sqrt,True,0.8020032676738934,0.04500063393860969,671
200,30,5,4,sqrt,True,0.8020032676738934,0.04500063393860969,671
200,,5,4,sqrt,True,0.8020032676738934,0.04500063393860969,671
200,,2,4,sqrt,True,0.8020032676738934,0.04500063393860969,671
200,20,5,4,sqrt,True,0.8020032676738934,0.04500063393860969,671
200,20,2,4,sqrt,True,0.8020032676738934,0.04500063393860969,671
500,20,2,2,log2,False,0.8019655242046518,0.043549413661200645,677
800,20,5,2,sqrt,False,0.8019651815272397,0.046040920478383325,678
200,10,5,4,log2,False,0.8019602127047651,0.044448588480056436,679
200,10,2,4,log2,False,0.8019602127047651,0.044448588480056436,679
200,30,10,4,0.5,True,0.801959992412143,0.042789442189011095,681
200,,10,4,0.5,True,0.801959992412143,0.042789442189011095,681
200,20,10,4,0.5,True,0.801959992412143,0.042789442189011095,681
500,5,2,4,0.5,True,0.801939541913731,0.045938437601102465,684
500,5,5,4,0.5,True,0.801939541913731,0.045938437601102465,684
200,10,10,1,sqrt,True,0.8019371798872836,0.04245432792216261,686
500,,10,2,sqrt,False,0.8019361273780895,0.046120927125123945,687
500,30,10,2,sqrt,False,0.8019361273780895,0.046120927125123945,687
500,20,10,2,sqrt,False,0.8019361273780895,0.04612092712512389,687
300,30,5,2,sqrt,False,0.8019286986213354,0.045412657473671236,690
300,,5,2,sqrt,False,0.8019286986213354,0.045412657473671236,690
800,5,10,4,sqrt,True,0.8019124581596998,0.044881236441971464,692
200,20,10,2,log2,True,0.8019032181080534,0.04383380470978502,693
200,30,10,2,log2,True,0.8019032181080534,0.04383380470978502,693
200,,10,2,log2,True,0.8019032181080534,0.04383380470978502,693
300,20,5,2,sqrt,False,0.8018936109020371,0.045403492417752,696
800,10,2,1,sqrt,False,0.8018878221014691,0.04368153990616034,697
500,5,10,4,0.5,True,0.8018819109161113,0.046883786065650766,698
300,30,2,1,log2,False,0.8018618948837037,0.04044726315251215,699
300,,2,1,log2,False,0.8018618948837037,0.04044726315251215,699
500,10,2,1,sqrt,False,0.801793230897264,0.04498217807546366,701
500,30,2,2,log2,False,0.801792227341986,0.04376594877997199,702
500,,2,2,log2,False,0.801792227341986,0.04376594877997199,702
200,,5,2,0.5,True,0.801785618563325,0.04497309843608378,704
200,30,5,2,0.5,True,0.801785618563325,0.04497309843608378,704
200,20,5,2,0.5,True,0.801785618563325,0.04497309843608378,704
300,5,5,1,sqrt,True,0.8017824365587846,0.04660222767622182,707
500,5,5,1,sqrt,True,0.8017807721256401,0.04613165594544087,708
300,5,10,2,log2,True,0.8017291257442525,0.04460829960868957,709
800,10,2,4,0.5,True,0.8017235939517438,0.046302191671573345,710
800,10,5,4,0.5,True,0.8017235939517438,0.046302191671573345,710
800,20,10,2,sqrt,False,0.801711330995784,0.04392890035407252,712
800,,10,2,sqrt,False,0.8016766593847716,0.04404659372178083,713
800,30,10,2,sqrt,False,0.8016766593847716,0.04404659372178083,713
500,5,10,4,log2,True,0.8016633561580967,0.04454893956296578,715
300,10,5,2,log2,False,0.801625759550603,0.04051492159027791,716
200,5,2,2,sqrt,True,0.8016169967996378,0.04742636609026135,717
800,5,10,1,sqrt,True,0.8015981128265379,0.045609030682876917,718
800,5,2,4,sqrt,True,0.8015610057582043,0.04496617297996153,719
800,5,5,4,sqrt,True,0.8015610057582043,0.04496617297996153,719
200,10,2,1,sqrt,True,0.801538854111211,0.04659268800257532,721
200,5,10,4,0.5,True,0.8015336527576353,0.04652167472953336,722
300,10,10,4,log2,False,0.8014806846205154,0.043777684170266805,723
200,10,10,4,log2,True,0.8014100808351537,0.04593157216767942,724
200,10,10,4,0.5,True,0.8014005592984903,0.041300636136729525,725
800,10,10,4,sqrt,False,0.8013990050116572,0.044439000748948985,726
200,20,2,1,log2,False,0.8013863871398061,0.043584835183066606,727
200,10,5,2,log2,False,0.80135863026943,0.04313738038279303,728
800,5,2,4,0.5,True,0.8013530862384423,0.04661598888528564,729
800,5,5,4,0.5,True,0.8013530862384423,0.04661598888528564,729
800,10,10,4,0.5,True,0.8013431363550139,0.04553131974666737,731
300,5,10,1,log2,True,0.8013103739467258,0.045463261436087976,732
200,10,2,2,sqrt,False,0.8012552395988226,0.04394515232984118,733
200,30,2,1,log2,False,0.8012466910212399,0.04352902886384281,734
200,,2,1,log2,False,0.8012466910212399,0.04352902886384281,734
300,10,10,4,log2,True,0.8012082560779346,0.047234122721720215,736
800,10,10,2,sqrt,False,0.8011811600854246,0.042311653471463866,737
300,10,5,1,sqrt,False,0.8011679914820187,0.04116370765814041,738
200,5,5,4,0.5,True,0.801109834229802,0.04672701046753231,739
200,5,2,4,0.5,True,0.801109834229802,0.04672701046753231,739
800,10,10,1,sqrt,False,0.8010679052007417,0.04192453880435525,741
800,5,5,1,log2,True,0.8010640133644189,0.043589128114190745,742
200,,5,2,sqrt,False,0.8010555565754288,0.045041727744823394,743
200,30,5,2,sqrt,False,0.8010555565754288,0.045041727744823394,743
200,20,5,2,sqrt,False,0.8010555565754288,0.045041727744823394,743
800,10,5,4,sqrt,False,0.8010471854557915,0.042990848226634425,746
800,10,2,4,sqrt,False,0.8010471854557915,0.042990848226634425,746
800,5,10,4,log2,True,0.8010471487403545,0.04496189628725495,748
800,5,10,2,log2,True,0.8010444317980161,0.045105536985920576,749
300,30,2,2,log2,False,0.8010407969697526,0.04572138612398847,750
300,,2,2,log2,False,0.8010407969697526,0.04572138612398847,750
300,20,2,2,log2,False,0.8010402707151556,0.04546945637735644,752
500,10,10,1,sqrt,False,0.8010326583812164,0.041045091090337715,753
500,5,5,4,sqrt,True,0.800969948414811,0.04451996773480035,754
500,5,2,4,sqrt,True,0.800969948414811,0.04451996773480035,754
200,10,2,1,log2,False,0.8009547115084537,0.03962801890059019,756
300,10,2,2,log2,False,0.8009082052882468,0.04156676524341676,757
500,10,5,2,sqrt,False,0.8008948163922188,0.042150761732625,758
500,20,10,4,sqrt,False,0.8008808890031146,0.04519732817941609,759
500,30,10,4,sqrt,False,0.8008808890031146,0.04519732817941609,759
500,,10,4,sqrt,False,0.8008808890031146,0.04519732817941609,759
300,5,2,1,sqrt,True,0.8008803505100387,0.046969493443245615,762
300,5,2,2,log2,True,0.8008748064790507,0.04228189938936558,763
800,5,10,4,0.5,True,0.8008676592073136,0.04706308221866155,764
500,5,10,2,log2,True,0.8008277740042468,0.045269200750683095,765
200,5,5,1,sqrt,True,0.8008061241348925,0.04800550604173691,766
800,5,10,1,log2,True,0.8006951211303459,0.04528491294832812,767
300,5,5,4,sqrt,True,0.8006921594184273,0.045827980245244815,768
300,5,2,4,sqrt,True,0.8006921594184273,0.045827980245244815,768
500,5,10,4,sqrt,True,0.8006598131184257,0.04451311837340661,770
300,5,5,1,sqrt,False,0.8006502915817622,0.04444628388205696,771
800,5,10,2,sqrt,True,0.80062150667915,0.04546105100139604,772
300,5,5,4,log2,True,0.8006033814917481,0.043612316555242,773
300,5,2,4,log2,True,0.8006033814917481,0.043612316555242,773
500,5,10,1,sqrt,True,0.8005876795231888,0.046009864151352116,775
200,10,5,1,sqrt,False,0.800542287004571,0.04005747253778335,776
200,5,10,2,log2,True,0.8005403288479307,0.0443553990136844,777
500,5,10,1,log2,True,0.8004437917255643,0.045573942989555236,778
800,20,10,4,sqrt,False,0.8004265844240879,0.044705197308639144,779
800,,10,4,sqrt,False,0.8004265844240879,0.044705197308639144,779
800,30,10,4,sqrt,False,0.8004265844240879,0.044705197308639144,779
200,10,5,1,log2,False,0.8004232555577993,0.04441595323074424,782
800,5,2,1,log2,False,0.8004036250374803,0.04405112214330844,783
500,5,10,2,sqrt,True,0.8003785116785688,0.04520131419554872,784
200,5,2,1,sqrt,True,0.8003267429123909,0.04793663212430348,785
200,5,10,1,log2,True,0.8003017641767481,0.045923768696945554,786
500,5,2,2,log2,True,0.80029365006517,0.044297575237904147,787
200,10,10,1,sqrt,False,0.8002380139396277,0.04101293449921919,788
200,5,2,2,log2,True,0.8001856944418947,0.04446852180235311,789
300,5,10,4,sqrt,True,0.8001674346312239,0.04480075766341456,790
200,5,5,2,sqrt,True,0.8001383070511997,0.04701966618601452,791
500,5,5,1,log2,True,0.8000803578531259,0.04322939569439035,792
800,5,2,1,log2,True,0.8000190063578898,0.04471958719779078,793
300,5,10,1,sqrt,True,0.7999970382880816,0.046297906885235024,794
200,20,10,4,sqrt,False,0.7999303141005635,0.04740251326374321,795
200,30,10,4,sqrt,False,0.7999303141005635,0.04740251326374321,795
200,,10,4,sqrt,False,0.7999303141005635,0.04740251326374321,795
300,10,2,2,sqrt,False,0.7998972212533426,0.04442383144492723,798
200,10,5,2,sqrt,False,0.7998801118596981,0.042139096762242,799
500,10,10,2,sqrt,False,0.7998237169484577,0.041816205816408276,800
300,10,5,2,sqrt,False,0.7997132401985081,0.042915121769727844,801
200,5,5,1,sqrt,False,0.7996448271008878,0.04506900591089226,802
300,5,2,1,sqrt,False,0.7996359909190487,0.04387524983962096,803
500,5,10,4,log2,False,0.7995641143318708,0.04391604747488937,804
800,5,5,2,log2,True,0.7995619848365244,0.04416326841803491,805
200,5,10,1,sqrt,True,0.7995553760578635,0.048157870067969136,806
500,5,5,4,log2,False,0.7995344360202913,0.0438338042139604,807
500,5,2,4,log2,False,0.7995344360202913,0.0438338042139604,807
200,5,5,2,log2,True,0.7995123210887352,0.04391640257193452,809
300,5,5,2,sqrt,False,0.7995020652433316,0.04584035926096062,810
200,5,5,1,log2,True,0.7994822021919117,0.04309961224352249,811
800,5,2,4,log2,True,0.7994672834860083,0.04467776477387903,812
800,5,5,4,log2,True,0.7994672834860083,0.04467776477387903,812
500,5,5,1,sqrt,False,0.7994326118749961,0.04559293104785742,814
800,5,10,1,log2,False,0.799390695084415,0.0432452328254914,815
200,5,5,4,sqrt,True,0.7993301268518349,0.046355815151675576,816
200,5,2,4,sqrt,True,0.7993301268518349,0.046355815151675576,816
800,5,10,4,log2,False,0.7993203483071124,0.043710521802671626,818
300,5,5,2,log2,True,0.7993003261554655,0.04309933673419897,819
800,5,2,2,log2,True,0.7992906822340119,0.04572543102949944,820
200,5,2,1,sqrt,False,0.7992886139310607,0.043963439005394525,821
300,5,10,1,sqrt,False,0.799258176833783,0.04621617563858612,822
500,5,10,1,log2,False,0.7992215103506937,0.04473935069760956,823
500,5,2,1,log2,True,0.7992178510454719,0.04513610712604138,824
300,,10,4,sqrt,False,0.7992079990698755,0.04598414109839223,825
300,20,10,4,sqrt,False,0.7992079990698755,0.04598414109839223,825
300,30,10,4,sqrt,False,0.7992079990698755,0.04598414109839223,825
800,5,5,1,sqrt,False,0.7991850763987051,0.0440979603318003,828
500,5,2,1,log2,False,0.7991822248330976,0.044332411845526276,829
500,5,5,2,log2,True,0.7991671837424045,0.043006466521221295,830
300,5,10,2,sqrt,False,0.7991541252853096,0.046407528803229306,831
200,5,10,1,sqrt,False,0.7991218524161817,0.04635328731915746,832
300,5,2,1,log2,True,0.799049951352046,0.0460979867821255,833
300,5,2,2,sqrt,False,0.7990473445560186,0.04529670471838413,834
800,5,10,2,log2,False,0.7990408704006265,0.04347666577580422,835
500,5,10,2,log2,False,0.7990399647531804,0.04362663957983859,836
800,5,2,1,sqrt,False,0.7990389734363813,0.043812733527282696,837
500,5,5,2,sqrt,False,0.7990145331938147,0.04604618840632723,838
500,5,2,4,log2,True,0.7989738035356966,0.04487287212149466,839
500,5,5,4,log2,True,0.7989738035356966,0.04487287212149466,839
300,5,10,4,log2,False,0.7989730814654354,0.045178211188044104,841
200,5,5,2,sqrt,False,0.7989482985454568,0.04633864592841644,842
300,5,5,4,log2,False,0.7989346893568068,0.04327138299218448,843
300,5,2,4,log2,False,0.7989346893568068,0.04327138299218448,843
200,5,10,2,sqrt,False,0.798909294512878,0.04675706817600228,845
300,5,5,1,log2,True,0.7988848175548744,0.0420940923683221,846
800,5,5,2,sqrt,False,0.7988732521922175,0.045254555252249994,847
800,5,5,4,log2,False,0.7988310172011822,0.04313477305962748,848
800,5,2,4,log2,False,0.7988310172011822,0.04313477305962748,848
200,10,2,1,sqrt,False,0.7988254486932364,0.045416533345421325,850
800,5,2,2,log2,False,0.798730074226375,0.04424679159187088,851
200,5,10,4,log2,False,0.7987184354328443,0.04324244050649498,852
300,10,10,1,sqrt,False,0.7986385671188784,0.04312801868824641,853
200,5,10,4,sqrt,True,0.7986238931825552,0.04468013938532654,854
300,5,10,2,sqrt,True,0.79862224098789,0.04415725009624264,855
300,5,2,1,log2,False,0.7985521634571254,0.044119790753563426,856
200,5,2,4,log2,False,0.7985509396092254,0.04202099543214135,857
200,5,5,4,log2,False,0.7985509396092254,0.04202099543214135,857
200,5,10,2,sqrt,True,0.7984594569786867,0.04545175259312842,859
800,5,5,1,log2,False,0.7984506330353265,0.04408734978683458,860
500,5,5,2,log2,False,0.7984125591271518,0.04415404893636716,861
800,5,5,2,log2,False,0.7983842760021783,0.044683818123748026,862
500,5,10,1,sqrt,False,0.7983840679480354,0.04483900792716388,863
500,5,2,1,sqrt,False,0.7983785606324846,0.04490600011713381,864
200,5,2,1,log2,True,0.7983521255178407,0.04661534542024164,865
200,5,5,2,log2,False,0.7983416983337313,0.043341191001269486,866
300,10,10,2,sqrt,False,0.7983056927285077,0.04322420099597941,867
500,5,2,2,log2,False,0.7982690507223763,0.044786489267084374,868
800,5,10,2,sqrt,False,0.7982433621549514,0.044625340293468985,869
300,5,2,4,sqrt,False,0.7981007961130591,0.04573718455779396,870
300,5,5,4,sqrt,False,0.7981007961130591,0.04573718455779396,870
300,10,2,1,sqrt,False,0.7980863057539209,0.04475903156391806,872
800,5,2,2,sqrt,False,0.7980308776825218,0.044784575330458494,873
200,10,2,2,log2,False,0.7980075389030652,0.04281027474573351,874
500,5,2,2,sqrt,False,0.7980030473812715,0.04641346628624521,875
500,5,5,1,log2,False,0.7980021662107833,0.04505690585172989,876
200,5,10,4,sqrt,False,0.7979273279116871,0.04672276720287938,877
200,5,2,2,sqrt,False,0.7978941004411972,0.04474996422724746,878
800,5,10,1,sqrt,False,0.7977884701289323,0.044300727879772905,879
800,5,10,4,sqrt,False,0.7977846394850048,0.04503249547556332,880
200,5,10,2,log2,False,0.7975334691804503,0.04393428632036234,881
300,5,5,1,log2,False,0.7975130186820383,0.044633916801367156,882
300,5,10,4,sqrt,False,0.7974693640274386,0.046357160414369894,883
200,5,2,2,log2,False,0.7974633794112067,0.043585028530893494,884
800,5,2,4,sqrt,False,0.7974335542378792,0.044692926123768406,885
800,5,5,4,sqrt,False,0.7974335542378792,0.044692926123768406,885
300,5,10,2,log2,False,0.7973603191795323,0.04442041532511168,887
500,5,10,2,sqrt,False,0.797230444440365,0.045626498674217794,888
200,5,5,1,log2,False,0.7971933006565946,0.044010845216272375,889
200,5,2,4,sqrt,False,0.7971282164252628,0.04589916671204188,890
200,5,5,4,sqrt,False,0.7971282164252628,0.04589916671204188,890
200,5,2,1,log2,False,0.797091231741719,0.04390915643863133,892
500,5,10,4,sqrt,False,0.7969160623917659,0.0461405475359297,893
500,5,2,4,sqrt,False,0.7969143979586217,0.04511844665293846,894
500,5,5,4,sqrt,False,0.7969143979586217,0.04511844665293846,894
300,5,5,2,log2,False,0.79688327550652,0.04479416065708566,896
300,5,10,1,log2,False,0.7968780129605493,0.045344582795748684,897
200,10,10,2,sqrt,False,0.7968616990680398,0.04203196525519675,898
300,5,2,2,log2,False,0.7968435126882432,0.044383490770563215,899
200,5,10,1,log2,False,0.7965567406482723,0.04431517563187537,900
200,30,2,2,0.5,False,0.7899260734675895,0.04440443187364472,901
200,,2,2,0.5,False,0.7899260734675895,0.04440443187364472,901
200,20,2,2,0.5,False,0.7899260734675895,0.04440443187364472,901
300,30,2,2,0.5,False,0.788793206420306,0.043937504646639834,904
300,,2,2,0.5,False,0.788793206420306,0.043937504646639834,904
300,20,2,2,0.5,False,0.788793206420306,0.043937504646639834,904
500,20,2,2,0.5,False,0.7887559953249009,0.044690660121957416,907
500,30,2,2,0.5,False,0.7886513563294353,0.04478607933755714,908
500,,2,2,0.5,False,0.7886513563294353,0.04478607933755714,908
500,20,5,1,0.5,False,0.7879812139347322,0.043221651080871795,910
500,30,5,1,0.5,False,0.7879806876801351,0.04315988933463427,911
500,,5,1,0.5,False,0.7879806876801351,0.04315988933463427,911
800,,2,2,0.5,False,0.7877407522993043,0.043824349594188995,913
800,30,2,2,0.5,False,0.7877407522993043,0.043824349594188995,913
300,30,5,1,0.5,False,0.7877208464132077,0.04165032246930997,915
300,,5,1,0.5,False,0.7877208464132077,0.04165032246930997,915
800,20,2,2,0.5,False,0.7876709929689938,0.0438875165182613,917
300,20,5,1,0.5,False,0.787475440432263,0.04150481853718654,918
500,5,10,2,0.5,False,0.7874669408085962,0.04650981715269542,919
800,5,10,2,0.5,False,0.7873956639068898,0.04610202659815572,920
800,20,5,1,0.5,False,0.7872521555021141,0.04382914768602145,921
800,30,5,1,0.5,False,0.7871825552720308,0.04380696739202078,922
800,,5,1,0.5,False,0.7871825552720308,0.04380696739202078,922
500,10,2,2,0.5,False,0.7869553601478406,0.04120753869631384,924
800,,10,1,0.5,False,0.786951003249316,0.041142119029985276,925
800,30,10,1,0.5,False,0.786951003249316,0.041142119029985276,925
300,5,10,2,0.5,False,0.7869447493865461,0.04625964977723202,927
800,30,2,1,0.5,False,0.7869207558484632,0.043807815009457976,928
800,,2,1,0.5,False,0.7869207558484632,0.043807815009457976,928
500,5,10,1,0.5,False,0.7869103959759881,0.04642380935749319,930
800,20,10,1,0.5,False,0.7868814030192327,0.041053884477001444,931
500,5,5,2,0.5,False,0.7867795666354586,0.04642475472154633,932
800,5,10,1,0.5,False,0.7867724438406795,0.04647452058869243,933
800,5,2,2,0.5,False,0.7867075676634908,0.04620775205899087,934
200,10,5,2,0.5,False,0.7866792355846016,0.04528368948319828,935
800,20,2,1,0.5,False,0.7866403661752918,0.04352996951821644,936
200,5,10,2,0.5,False,0.7866334759116137,0.045472587072526396,937
300,5,10,1,0.5,False,0.786618893763883,0.04699580787436215,938
500,30,2,1,0.5,False,0.78659207925639,0.04383873286914831,939
500,,2,1,0.5,False,0.78659207925639,0.04383873286914831,939
800,5,5,2,0.5,False,0.786528359615467,0.04578647138199794,941
500,20,2,1,0.5,False,0.7864884376969631,0.04388845318544788,942
800,10,2,2,0.5,False,0.7864428004087651,0.04205513142280569,943
200,5,10,1,0.5,False,0.7864317368237475,0.046589401316199174,944
800,,10,2,0.5,False,0.7863295944779982,0.04335263896246101,945
800,30,10,2,0.5,False,0.7863295944779982,0.04335263896246101,945
800,20,10,2,0.5,False,0.7863295944779982,0.043352638962460895,945
800,10,5,2,0.5,False,0.7863059497365666,0.04288319992374256,948
300,10,2,2,0.5,False,0.7862299732589234,0.04045416562313785,949
800,5,5,1,0.5,False,0.7862190932510907,0.04661149815192093,950
500,5,5,1,0.5,False,0.7862177347799216,0.046835200511514755,951
800,,5,2,0.5,False,0.7860705425929665,0.04413615631396995,952
800,30,5,2,0.5,False,0.7860705425929665,0.04413615631396995,952
800,20,5,2,0.5,False,0.7860705425929665,0.04413615631396999,952
300,,5,2,0.5,False,0.7860456495266768,0.0442652806218165,955
300,20,5,2,0.5,False,0.7860456495266768,0.0442652806218165,955
300,30,5,2,0.5,False,0.7860456495266768,0.0442652806218165,955
300,5,5,2,0.5,False,0.7859781298380236,0.04588259022008202,958
300,,10,2,0.5,False,0.7859185773992008,0.04275405539880545,959
300,30,10,2,0.5,False,0.7859185773992008,0.04275405539880545,959
500,5,2,2,0.5,False,0.7859009539894382,0.04645111012981048,961
200,5,10,4,0.5,False,0.7858934089671334,0.04657175483629706,962
300,20,10,2,0.5,False,0.7858834896799025,0.04269240696459633,963
800,5,2,1,0.5,False,0.7858363592972666,0.04728608931472042,964
800,10,5,1,0.5,False,0.7857094707469756,0.041696140557557645,965
500,20,10,1,0.5,False,0.7857022255674064,0.041450019016139227,966
500,30,10,2,0.5,False,0.7857010017195063,0.04248523991798704,967
500,,10,2,0.5,False,0.7857010017195063,0.04248523991798704,967
300,10,5,2,0.5,False,0.7856963388590067,0.04516167856617913,969
200,30,5,2,0.5,False,0.7856676273872684,0.045254988677299546,970
200,20,5,2,0.5,False,0.7856676273872684,0.045254988677299546,970
200,,5,2,0.5,False,0.7856676273872684,0.045254988677299546,970
500,10,5,1,0.5,False,0.7856306427037248,0.04018009618561471,973
500,10,2,1,0.5,False,0.7855962403392507,0.04103110740938093,974
500,20,10,2,0.5,False,0.7855957385616116,0.042294728054726,975
300,5,2,2,0.5,False,0.7855894479834047,0.04581259587504333,976
200,10,2,2,0.5,False,0.785579106468648,0.042083929659739526,977
500,30,10,1,0.5,False,0.7855267869709153,0.04135151612653806,978
500,,10,1,0.5,False,0.7855267869709153,0.04135151612653806,978
300,5,5,1,0.5,False,0.7854675221363487,0.046056475115468405,980
200,20,5,1,0.5,False,0.7854618251243735,0.03966106635910099,981
200,,5,1,0.5,False,0.7853571861289079,0.039783654281477336,982
200,30,5,1,0.5,False,0.7853571861289079,0.039783654281477336,982
300,10,5,1,0.5,False,0.7853550443950826,0.041296437164680413,984
500,5,10,4,0.5,False,0.7853478236924716,0.047067550363499765,985
800,5,2,4,0.5,False,0.7853406029898604,0.04649410691871799,986
800,5,5,4,0.5,False,0.7853406029898604,0.04649410691871799,986
500,30,5,2,0.5,False,0.7853122097185762,0.045158825727548896,988
500,,5,2,0.5,False,0.7853122097185762,0.045158825727548896,988
500,20,5,2,0.5,False,0.7853122097185762,0.045158825727548896,988
500,10,5,2,0.5,False,0.7852719084072233,0.044100398465346136,991
300,5,10,4,0.5,False,0.7852573752134084,0.04656641304052788,992
800,5,10,4,0.5,False,0.7851357798052858,0.047222979221709184,993
800,10,10,1,0.5,False,0.7850679663931366,0.04051763097379339,994
500,5,2,4,0.5,False,0.7848168083270611,0.045928543507665676,995
500,5,5,4,0.5,False,0.7848168083270611,0.045928543507665676,995
500,5,2,1,0.5,False,0.7847522381118475,0.0473538959216677,997
200,10,2,1,0.5,False,0.7846781585984494,0.038731266170846476,998
200,10,5,1,0.5,False,0.7845300974794853,0.04380104573468367,999
300,5,2,1,0.5,False,0.7844571255484368,0.04773071899942664,1000
200,5,5,1,0.5,False,0.7842747599728306,0.04518244963431716,1001
300,30,2,1,0.5,False,0.7842714311065421,0.04697605808843809,1002
300,,2,1,0.5,False,0.7842714311065421,0.04697605808843809,1002
200,5,2,4,0.5,False,0.7842470275794124,0.04486580285654971,1004
200,5,5,4,0.5,False,0.7842470275794124,0.04486580285654971,1004
300,20,2,1,0.5,False,0.7842361108561429,0.04672544711146302,1006
800,10,10,2,0.5,False,0.784100759397622,0.04307762310624572,1007
200,5,5,2,0.5,False,0.7840742202559066,0.045206533670776684,1008
200,20,2,1,0.5,False,0.7840626977279264,0.04571892588699209,1009
200,5,2,2,0.5,False,0.7839274319387586,0.0455314105826415,1010
800,10,2,1,0.5,False,0.7839180756215617,0.04097076791294144,1011
200,30,2,1,0.5,False,0.7837993562560046,0.04553138790785137,1012
200,,2,1,0.5,False,0.7837993562560046,0.04553138790785137,1012
200,10,10,2,0.5,False,0.7836937810168954,0.04349270143145164,1014
300,10,10,2,0.5,False,0.7836820198385744,0.04251853715889769,1015
300,10,2,1,0.5,False,0.7836675539563943,0.04056512350208454,1016
500,10,10,2,0.5,False,0.7836399072323291,0.04172581945459559,1017
300,5,2,4,0.5,False,0.7835769953310203,0.04538652850059094,1018
300,5,5,4,0.5,False,0.7835769953310203,0.04538652850059094,1018
500,10,10,1,0.5,False,0.7834934126386772,0.03952956081800846,1020
200,,10,2,0.5,False,0.7832767426064289,0.04398286693106867,1021
200,30,10,2,0.5,False,0.7832767426064289,0.04398286693106867,1021
200,20,10,2,0.5,False,0.7832416548871307,0.04392209414715441,1023
300,,10,1,0.5,False,0.7830265024262785,0.04187413221115922,1024
300,30,10,1,0.5,False,0.7830265024262785,0.04187413221115922,1024
300,20,10,1,0.5,False,0.7829914147069802,0.041812881707044613,1026
800,20,5,4,0.5,False,0.7829625930889309,0.04717941819388553,1027
800,,2,4,0.5,False,0.7829625930889309,0.04717941819388553,1027
800,30,5,4,0.5,False,0.7829625930889309,0.04717941819388553,1027
800,20,2,4,0.5,False,0.7829625930889309,0.04717941819388553,1027
800,30,2,4,0.5,False,0.7829625930889309,0.04717941819388553,1027
800,,5,4,0.5,False,0.7829625930889309,0.04717941819388553,1027
500,,5,4,0.5,False,0.7829582729058432,0.045354944490887755,1033
500,20,5,4,0.5,False,0.7829582729058432,0.045354944490887755,1033
500,20,2,4,0.5,False,0.7829582729058432,0.045354944490887755,1033
500,30,5,4,0.5,False,0.7829582729058432,0.045354944490887755,1033
500,,2,4,0.5,False,0.7829582729058432,0.045354944490887755,1033
500,30,2,4,0.5,False,0.7829582729058432,0.045354944490887755,1033
500,10,2,4,0.5,False,0.7829209333064087,0.04589131889871897,1039
500,10,5,4,0.5,False,0.7829209333064087,0.04589131889871897,1039
500,10,10,4,0.5,False,0.7829076056027755,0.04264327651504528,1041
500,20,10,4,0.5,False,0.78274301029868,0.043276126234055565,1042
500,30,10,4,0.5,False,0.78274301029868,0.043276126234055565,1042
500,,10,4,0.5,False,0.78274301029868,0.043276126234055565,1042
800,10,10,4,0.5,False,0.782709574774047,0.044646256479941485,1045
800,20,10,4,0.5,False,0.7825701173058212,0.044409699127870024,1046
800,30,10,4,0.5,False,0.7825701173058212,0.044409699127870024,1046
800,,10,4,0.5,False,0.7825701173058212,0.044409699127870024,1046
300,10,10,1,0.5,False,0.7825523592727894,0.04021897708810209,1049
200,30,10,1,0.5,False,0.7821858535421218,0.04230271264728877,1050
200,,10,1,0.5,False,0.7821858535421218,0.04230271264728877,1050
300,30,10,4,0.5,False,0.7821473880026191,0.04374815296553676,1052
300,,10,4,0.5,False,0.7821473880026191,0.04374815296553676,1052
300,20,10,4,0.5,False,0.7821473880026191,0.04374815296553676,1052
200,20,10,1,0.5,False,0.7821156781035252,0.04217891801920509,1055
200,5,2,1,0.5,False,0.7820675196886531,0.04714770227814592,1056
300,10,10,4,0.5,False,0.7818873937547042,0.04129860686494684,1057
300,10,5,4,0.5,False,0.7817416824237085,0.04627413285324596,1058
300,10,2,4,0.5,False,0.7817416824237085,0.04627413285324596,1058
800,10,2,4,0.5,False,0.7817351103604844,0.04547907334427335,1060
800,10,5,4,0.5,False,0.7817351103604844,0.04547907334427335,1060
300,30,2,4,0.5,False,0.7814980632606979,0.04614329374784488,1062
300,,2,4,0.5,False,0.7814980632606979,0.04614329374784488,1062
300,,5,4,0.5,False,0.7814980632606979,0.04614329374784488,1062
300,20,2,4,0.5,False,0.7814980632606979,0.04614329374784488,1062
300,30,5,4,0.5,False,0.7814980632606979,0.04614329374784488,1062
300,20,5,4,0.5,False,0.7814980632606979,0.04614329374784488,1062
200,10,5,4,0.5,False,0.7812603430445664,0.04575913381794197,1068
200,10,2,4,0.5,False,0.7812603430445664,0.04575913381794197,1068
200,10,10,1,0.5,False,0.7808745739479497,0.04100630071915847,1070
200,10,10,4,0.5,False,0.7808088777926678,0.040903768762883014,1071
200,20,5,4,0.5,False,0.7797651068725179,0.04656220539019747,1072
200,,5,4,0.5,False,0.7797651068725179,0.04656220539019747,1072
200,20,2,4,0.5,False,0.7797651068725179,0.04656220539019747,1072
200,30,5,4,0.5,False,0.7797651068725179,0.04656220539019747,1072
200,30,2,4,0.5,False,0.7797651068725179,0.04656220539019747,1072
200,,2,4,0.5,False,0.7797651068725179,0.04656220539019747,1072
200,,10,4,0.5,False,0.7795039989230138,0.04312381263594234,1078
200,20,10,4,0.5,False,0.7795039989230138,0.04312381263594234,1078
200,30,10,4,0.5,False,0.7795039989230138,0.04312381263594234,1078
